experiment_group,suite,method,episodes,observation_ack_packets_per_episode,screening_packets_upper_per_episode,cbba_packets_per_episode,total_packets_upper_per_episode,observation_ack_bytes_per_episode,screening_bytes_upper_per_episode,cbba_bytes_per_episode,total_bytes_upper_per_episode,accounting_convention
core_comparison,core_comparison,B1m,4096,0.0,0.0,0.0,0.0,0.0,0.0,0.0,0.0,recipient-specific packets; dense full-fleet screening upper bound; 28-byte public event; 12-byte packet header; float64 score; int32 winner plus float64 bid
core_comparison,core_comparison,B2,4096,0.0,0.0,0.0,0.0,0.0,0.0,0.0,0.0,recipient-specific packets; dense full-fleet screening upper bound; 28-byte public event; 12-byte packet header; float64 score; int32 winner plus float64 bid
core_comparison,core_comparison,B3,4096,0.0,0.0,0.0,0.0,0.0,0.0,0.0,0.0,recipient-specific packets; dense full-fleet screening upper bound; 28-byte public event; 12-byte packet header; float64 score; int32 winner plus float64 bid
core_comparison,core_comparison,B4,4096,7.232421875,23.47900390625,107.61083984375,138.322265625,202.5078125,1843.099609375,6649.453125,8695.060546875,recipient-specific packets; dense full-fleet screening upper bound; 28-byte public event; 12-byte packet header; float64 score; int32 winner plus float64 bid
core_comparison,core_comparison,B5(2),4096,5.361328125,23.0751953125,102.76611328125,131.20263671875,150.1171875,2577.19921875,6363.78515625,9091.1015625,recipient-specific packets; dense full-fleet screening upper bound; 28-byte public event; 12-byte packet header; float64 score; int32 winner plus float64 bid
core_comparison,core_comparison,B5(4),4096,5.11376953125,14.41455078125,68.1728515625,87.701171875,143.185546875,1600.376953125,4204.06640625,5947.62890625,recipient-specific packets; dense full-fleet screening upper bound; 28-byte public event; 12-byte packet header; float64 score; int32 winner plus float64 bid
core_comparison,core_comparison,B5(8),4096,5.349609375,11.3046875,56.4306640625,73.0849609375,149.7890625,1231.3359375,3428.89453125,4810.01953125,recipient-specific packets; dense full-fleet screening upper bound; 28-byte public event; 12-byte packet header; float64 score; int32 winner plus float64 bid
core_comparison,core_comparison,B6,4096,0.0,0.0,0.0,0.0,0.0,0.0,0.0,0.0,recipient-specific packets; dense full-fleet screening upper bound; 28-byte public event; 12-byte packet header; float64 score; int32 winner plus float64 bid
core_comparison,core_comparison,CEX,4096,0.0,0.0,0.0,0.0,0.0,0.0,0.0,0.0,recipient-specific packets; dense full-fleet screening upper bound; 28-byte public event; 12-byte packet header; float64 score; int32 winner plus float64 bid
core_comparison,core_comparison,P,4096,7.531005859375,24.357421875,112.49609375,144.384521484375,210.8681640625,2727.1640625,6966.1875,9904.2197265625,recipient-specific packets; dense full-fleet screening upper bound; 28-byte public event; 12-byte packet header; float64 score; int32 winner plus float64 bid
external_validation,allocation_pressure,B6,384,117.33072916666667,712.34375,0.0,829.6744791666666,3285.2604166666665,264991.875,0.0,268277.1354166667,recipient-specific packets; dense full-fleet screening upper bound; 28-byte public event; 12-byte packet header; float64 score; int32 winner plus float64 bid
external_validation,allocation_pressure,DVCBBA,384,99.63541666666667,607.96875,798.140625,1505.7447916666667,2789.7916666666665,226164.375,143914.875,372869.0416666667,recipient-specific packets; dense full-fleet screening upper bound; 28-byte public event; 12-byte packet header; float64 score; int32 winner plus float64 bid
external_validation,allocation_pressure,P,384,108.93229166666667,663.828125,910.4895833333334,1683.25,3050.1041666666665,246944.0625,163680.1875,413674.3541666667,recipient-specific packets; dense full-fleet screening upper bound; 28-byte public event; 12-byte packet header; float64 score; int32 winner plus float64 bid
external_validation,allocation_pressure,SCBBA,384,46.0546875,30.0,218.515625,294.5703125,1289.53125,11160.0,41955.0,54404.53125,recipient-specific packets; dense full-fleet screening upper bound; 28-byte public event; 12-byte packet header; float64 score; int32 winner plus float64 bid
external_validation,cbba_isolation,CEX,512,7.755859375,0.0,0.0,7.755859375,217.1640625,0.0,0.0,217.1640625,recipient-specific packets; dense full-fleet screening upper bound; 28-byte public event; 12-byte packet header; float64 score; int32 winner plus float64 bid
external_validation,cbba_isolation,DVCBBA,512,7.6484375,24.6875,70.2890625,102.625,214.15625,2764.125,4133.859375,7112.140625,recipient-specific packets; dense full-fleet screening upper bound; 28-byte public event; 12-byte packet header; float64 score; int32 winner plus float64 bid
external_validation,cbba_isolation,P,512,7.6484375,24.6875,79.65625,111.9921875,214.15625,2764.125,4676.109375,7654.390625,recipient-specific packets; dense full-fleet screening upper bound; 28-byte public event; 12-byte packet header; float64 score; int32 winner plus float64 bid
external_validation,cbba_isolation,SCBBA,512,3.294921875,4.0,19.21484375,26.509765625,92.2578125,432.0,1165.59375,1689.8515625,recipient-specific packets; dense full-fleet screening upper bound; 28-byte public event; 12-byte packet header; float64 score; int32 winner plus float64 bid
external_validation,continuous_belief,B1m,1024,5.0341796875,4.0,24.0234375,33.0576171875,140.95703125,432.0,1451.34375,2024.30078125,recipient-specific packets; dense full-fleet screening upper bound; 28-byte public event; 12-byte packet header; float64 score; int32 winner plus float64 bid
external_validation,continuous_belief,B4,1024,8.4775390625,26.966796875,61.544921875,96.9892578125,237.37109375,2095.0703125,3524.8359375,5857.27734375,recipient-specific packets; dense full-fleet screening upper bound; 28-byte public event; 12-byte packet header; float64 score; int32 winner plus float64 bid
external_validation,continuous_belief,B5(4),1024,6.8447265625,16.3515625,48.052734375,71.2490234375,191.65234375,1779.84375,2827.4765625,4798.97265625,recipient-specific packets; dense full-fleet screening upper bound; 28-byte public event; 12-byte packet header; float64 score; int32 winner plus float64 bid
external_validation,continuous_belief,B6,1024,9.29296875,29.017578125,0.0,38.310546875,260.203125,3230.4140625,0.0,3490.6171875,recipient-specific packets; dense full-fleet screening upper bound; 28-byte public event; 12-byte packet header; float64 score; int32 winner plus float64 bid
external_validation,continuous_belief,DVCBBA,1024,8.642578125,27.3359375,59.416015625,95.39453125,241.9921875,3022.21875,3413.1328125,6677.34375,recipient-specific packets; dense full-fleet screening upper bound; 28-byte public event; 12-byte packet header; float64 score; int32 winner plus float64 bid
external_validation,continuous_belief,P,1024,8.787109375,27.75,65.484375,102.021484375,246.0390625,3075.75,3750.984375,7072.7734375,recipient-specific packets; dense full-fleet screening upper bound; 28-byte public event; 12-byte packet header; float64 score; int32 winner plus float64 bid
external_validation,continuous_belief,SCBBA,1024,4.95703125,4.0,21.958984375,30.916015625,138.796875,432.0,1332.5625,1903.359375,recipient-specific packets; dense full-fleet screening upper bound; 28-byte public event; 12-byte packet header; float64 score; int32 winner plus float64 bid
external_validation,model_mismatch,B1m,4608,3.27734375,4.0,22.24609375,29.5234375,91.765625,432.0,1344.84375,1868.609375,recipient-specific packets; dense full-fleet screening upper bound; 28-byte public event; 12-byte packet header; float64 score; int32 winner plus float64 bid
external_validation,model_mismatch,B4,4608,7.182942708333333,23.40625,74.140625,104.72981770833333,201.12239583333334,1834.4583333333333,4318.375,6353.955729166667,recipient-specific packets; dense full-fleet screening upper bound; 28-byte public event; 12-byte packet header; float64 score; int32 winner plus float64 bid
external_validation,model_mismatch,B5(4),4608,5.3671875,14.88498263888889,46.56336805555556,66.81553819444444,150.28125,1653.171875,2798.453125,4601.90625,recipient-specific packets; dense full-fleet screening upper bound; 28-byte public event; 12-byte packet header; float64 score; int32 winner plus float64 bid
external_validation,model_mismatch,B6,4608,7.979166666666667,25.53559027777778,0.0,33.51475694444444,223.41666666666666,2845.8020833333335,0.0,3069.21875,recipient-specific packets; dense full-fleet screening upper bound; 28-byte public event; 12-byte packet header; float64 score; int32 winner plus float64 bid
external_validation,model_mismatch,DVCBBA,4608,7.504340277777778,24.32595486111111,69.64149305555556,101.47178819444444,210.12152777777777,2702.0677083333335,4055.2916666666665,6967.480902777777,recipient-specific packets; dense full-fleet screening upper bound; 28-byte public event; 12-byte packet header; float64 score; int32 winner plus float64 bid
external_validation,model_mismatch,P,4608,7.514105902777778,24.34548611111111,78.88064236111111,110.740234375,210.39496527777777,2704.6458333333335,4582.625,7497.665798611111,recipient-specific packets; dense full-fleet screening upper bound; 28-byte public event; 12-byte packet header; float64 score; int32 winner plus float64 bid
external_validation,model_mismatch,SCBBA,4608,3.271484375,4.0,19.03515625,26.306640625,91.6015625,432.0,1153.5,1677.1015625,recipient-specific packets; dense full-fleet screening upper bound; 28-byte public event; 12-byte packet header; float64 score; int32 winner plus float64 bid
external_validation,scale,B1m,672,56.038690476190474,34.857142857142854,252.93154761904762,343.82738095238096,1569.0833333333333,18144.0,68753.75,88466.83333333333,recipient-specific packets; dense full-fleet screening upper bound; 28-byte public event; 12-byte packet header; float64 score; int32 winner plus float64 bid
external_validation,scale,B4,672,188.0967261904762,1277.544642857143,1181.5565476190477,2647.1979166666665,5266.708333333333,504893.39285714284,303845.46428571426,814005.5654761905,recipient-specific packets; dense full-fleet screening upper bound; 28-byte public event; 12-byte packet header; float64 score; int32 winner plus float64 bid
external_validation,scale,B5(4),672,167.38988095238096,394.9970238095238,1399.7380952380952,1962.125,4686.916666666667,222180.67857142858,389973.9285714286,616841.5238095238,recipient-specific packets; dense full-fleet screening upper bound; 28-byte public event; 12-byte packet header; float64 score; int32 winner plus float64 bid
external_validation,scale,B6,672,205.72470238095238,1417.4464285714287,0.0,1623.171130952381,5760.291666666667,826048.2857142857,0.0,831808.5773809524,recipient-specific packets; dense full-fleet screening upper bound; 28-byte public event; 12-byte packet header; float64 score; int32 winner plus float64 bid
external_validation,scale,DVCBBA,672,176.39732142857142,1205.0595238095239,1264.8660714285713,2646.3229166666665,4939.125,693753.2142857143,324994.0714285714,1023686.4107142857,recipient-specific packets; dense full-fleet screening upper bound; 28-byte public event; 12-byte packet header; float64 score; int32 winner plus float64 bid
external_validation,scale,P,672,198.5297619047619,1360.8511904761904,1516.1994047619048,3075.5803571428573,5558.833333333333,793783.4285714285,393940.78571428574,1193283.0476190476,recipient-specific packets; dense full-fleet screening upper bound; 28-byte public event; 12-byte packet header; float64 score; int32 winner plus float64 bid
external_validation,scale,SCBBA,672,50.12202380952381,34.857142857142854,238.82440476190476,323.80357142857144,1403.4166666666667,18144.0,65705.53571428571,85252.95238095238,recipient-specific packets; dense full-fleet screening upper bound; 28-byte public event; 12-byte packet header; float64 score; int32 winner plus float64 bid
external_validation,utility_profile,B1m,1536,3.455078125,4.0,22.43359375,29.888671875,96.7421875,432.0,1355.75,1884.4921875,recipient-specific packets; dense full-fleet screening upper bound; 28-byte public event; 12-byte packet header; float64 score; int32 winner plus float64 bid
external_validation,utility_profile,B4,1536,7.455078125,24.12890625,72.45833333333333,104.04231770833333,208.7421875,1886.484375,4209.90625,6305.1328125,recipient-specific packets; dense full-fleet screening upper bound; 28-byte public event; 12-byte packet header; float64 score; int32 winner plus float64 bid
external_validation,utility_profile,B5(4),1536,5.2265625,14.697916666666666,44.747395833333336,64.671875,146.34375,1623.5625,2671.90625,4441.8125,recipient-specific packets; dense full-fleet screening upper bound; 28-byte public event; 12-byte packet header; float64 score; int32 winner plus float64 bid
external_validation,utility_profile,B6,1536,8.055338541666666,25.734375,0.0,33.789713541666664,225.54947916666666,2873.1875,0.0,3098.7369791666665,recipient-specific packets; dense full-fleet screening upper bound; 28-byte public event; 12-byte packet header; float64 score; int32 winner plus float64 bid
external_validation,utility_profile,DVCBBA,1536,7.768880208333333,25.036458333333332,69.43098958333333,102.236328125,217.52864583333334,2788.875,4056.28125,7062.684895833333,recipient-specific packets; dense full-fleet screening upper bound; 28-byte public event; 12-byte packet header; float64 score; int32 winner plus float64 bid
external_validation,utility_profile,P,1536,7.768880208333333,25.036458333333332,78.26432291666667,111.06966145833333,217.52864583333334,2788.875,4560.625,7567.028645833333,recipient-specific packets; dense full-fleet screening upper bound; 28-byte public event; 12-byte packet header; float64 score; int32 winner plus float64 bid
external_validation,utility_profile,SCBBA,1536,3.455078125,4.0,19.421875,26.876953125,96.7421875,432.0,1178.53125,1707.2734375,recipient-specific packets; dense full-fleet screening upper bound; 28-byte public event; 12-byte packet header; float64 score; int32 winner plus float64 bid
battlefield_sensitivity,battlefield_structure,B1m,1024,100.0,30.0,248.935546875,378.935546875,2800.0,14760.0,62731.7578125,80291.7578125,recipient-specific packets; dense full-fleet screening upper bound; 28-byte public event; 12-byte packet header; float64 score; int32 winner plus float64 bid
battlefield_sensitivity,battlefield_structure,B4,1024,184.296875,1100.5078125,792.71875,2077.5234375,5160.3125,365368.59375,190526.859375,561055.765625,recipient-specific packets; dense full-fleet screening upper bound; 28-byte public event; 12-byte packet header; float64 score; int32 winner plus float64 bid
battlefield_sensitivity,battlefield_structure,B6,1024,229.501953125,1340.712890625,0.0,1570.21484375,6426.0546875,659630.7421875,0.0,666056.796875,recipient-specific packets; dense full-fleet screening upper bound; 28-byte public event; 12-byte packet header; float64 score; int32 winner plus float64 bid
battlefield_sensitivity,battlefield_structure,DVCBBA,1024,178.57421875,1052.138671875,816.546875,2047.259765625,5000.078125,517652.2265625,196685.9765625,719338.28125,recipient-specific packets; dense full-fleet screening upper bound; 28-byte public event; 12-byte packet header; float64 score; int32 winner plus float64 bid
battlefield_sensitivity,battlefield_structure,P,1024,216.2109375,1271.513671875,932.73046875,2420.455078125,6053.90625,625584.7265625,223720.1015625,855358.734375,recipient-specific packets; dense full-fleet screening upper bound; 28-byte public event; 12-byte packet header; float64 score; int32 winner plus float64 bid
battlefield_sensitivity,battlefield_structure,SCBBA,1024,83.203125,30.0,270.322265625,383.525390625,2329.6875,14760.0,68121.2109375,85210.8984375,recipient-specific packets; dense full-fleet screening upper bound; 28-byte public event; 12-byte packet header; float64 score; int32 winner plus float64 bid
battlefield_sensitivity,reachability,B6,576,228.11631944444446,1311.9270833333333,0.0,1540.0434027777778,6387.256944444444,645468.125,0.0,651855.3819444445,recipient-specific packets; dense full-fleet screening upper bound; 28-byte public event; 12-byte packet header; float64 score; int32 winner plus float64 bid
battlefield_sensitivity,reachability,DVCBBA,576,200.27777777777777,1169.3229166666667,719.7951388888889,2089.3958333333335,5607.777777777777,575306.875,173638.20833333334,754552.8611111111,recipient-specific packets; dense full-fleet screening upper bound; 28-byte public event; 12-byte packet header; float64 score; int32 winner plus float64 bid
battlefield_sensitivity,reachability,P,576,222.03993055555554,1292.5520833333333,792.6423611111111,2307.234375,6217.118055555556,635935.625,190625.29166666666,832778.0347222222,recipient-specific packets; dense full-fleet screening upper bound; 28-byte public event; 12-byte packet header; float64 score; int32 winner plus float64 bid
battlefield_sensitivity,reachability,SCBBA,576,90.52083333333333,30.0,235.26041666666666,355.78125,2534.5833333333335,14760.0,59285.625,76580.20833333333,recipient-specific packets; dense full-fleet screening upper bound; 28-byte public event; 12-byte packet header; float64 score; int32 winner plus float64 bid
