cell_id,agents,targets,method,episodes,mean_normalized_utility,allocator_calls,converged_calls,nonconverged_calls,convergence_rate,rounds_per_converged_epoch,message_packets_per_converged_epoch,planning_ms_p50,planning_ms_p95,nonconverged_wasted_rounds,nonconverged_wasted_message_packets
N4-M10-Rscaled,4,10,B1m,96,0.08762922550774986,96,96,0,1.0,6.59375,79.125,15.625,15.625,0,0
N4-M10-Rscaled,4,10,B4,96,0.18802233292791473,1577,1577,0,1.0,4.455294863665187,19.23145212428662,0.0,15.625,0,0
N4-M10-Rscaled,4,10,B5(4),96,0.1821642381954328,760,760,0,1.0,5.144736842105263,40.20789473684211,0.0,15.625,0,0
N4-M10-Rscaled,4,10,B6,96,0.18692711638253945,1771,1771,0,1.0,0.0,0.0,0.0,15.625,0,0
N4-M10-Rscaled,4,10,DVCBBA,96,0.18886256184734115,1620,1615,5,0.9969135802469136,4.162848297213622,18.681114551083592,0.0,15.625,27,294
N4-M10-Rscaled,4,10,P,96,0.19849344182412124,1686,1686,0,1.0,4.529062870699882,20.99644128113879,0.0,15.625,0,0
N4-M10-Rscaled,4,10,SCBBA,96,0.08297705310718521,96,92,4,0.9583333333333334,5.815217391304348,69.78260869565217,15.625,15.625,24,288
N6-M10-Rscaled,6,10,B1m,96,0.08983837258661348,96,96,0,1.0,6.458333333333333,193.75,15.625,31.25,0,0
N6-M10-Rscaled,6,10,B4,96,0.1794291229286624,1507,1507,0,1.0,4.595885865958858,54.84804246848042,0.0,15.625,0,0
N6-M10-Rscaled,6,10,B5(4),96,0.16250930544366685,649,649,0,1.0,5.149460708782743,102.87519260400616,0.0,15.625,0,0
N6-M10-Rscaled,6,10,B6,96,0.1845295138026284,1673,1673,0,1.0,0.0,0.0,0.0,15.625,0,0
N6-M10-Rscaled,6,10,DVCBBA,96,0.18575027036033567,1565,1563,2,0.9987220447284345,4.165067178502879,54.865003198976325,0.0,15.625,14,420
N6-M10-Rscaled,6,10,P,96,0.18791880941814568,1591,1591,0,1.0,4.641106222501572,60.546825895663105,0.0,15.625,0,0
N6-M10-Rscaled,6,10,SCBBA,96,0.08936359962549223,96,94,2,0.9791666666666666,5.808510638297872,174.25531914893617,15.625,19.53125,14,420
N6-M15-Rscaled,6,15,B1m,96,0.08403012612370701,96,96,0,1.0,6.875,206.25,31.25,46.875,0,0
N6-M15-Rscaled,6,15,B4,96,0.1819020955985292,2398,2398,0,1.0,4.440366972477064,39.48874061718099,0.0,15.625,0,0
N6-M15-Rscaled,6,15,B5(4),96,0.17514865951749992,898,898,0,1.0,5.348552338530067,104.88641425389756,15.625,31.25,0,0
N6-M15-Rscaled,6,15,B6,96,0.17974509747939707,2699,2699,0,1.0,0.0,0.0,0.0,15.625,0,0
N6-M15-Rscaled,6,15,DVCBBA,96,0.18059999434437476,2485,2476,9,0.9963782696177063,4.170436187399031,40.56138933764136,0.0,15.625,58,1104
N6-M15-Rscaled,6,15,P,96,0.187883859302424,2587,2587,0,1.0,4.540394279087747,45.11557788944724,0.0,15.625,0,0
N6-M15-Rscaled,6,15,SCBBA,96,0.08202070563325874,96,92,4,0.9583333333333334,6.315217391304348,189.45652173913044,31.25,46.875,29,870
N6-M20-Rscaled,6,20,B1m,96,0.08558867600260182,96,96,0,1.0,7.364583333333333,220.9375,62.5,97.65625,0,0
N6-M20-Rscaled,6,20,B4,96,0.18118200728655529,3358,3358,0,1.0,4.311494937462776,26.008933889219772,15.625,15.625,0,0
N6-M20-Rscaled,6,20,B5(4),96,0.1745459397877918,1139,1139,0,1.0,5.6549604916593506,106.19841966637401,15.625,62.5,0,0
N6-M20-Rscaled,6,20,B6,96,0.17292281668177636,3942,3942,0,1.0,0.0,0.0,15.625,15.625,0,0
N6-M20-Rscaled,6,20,DVCBBA,96,0.15866373580121843,3264,3240,24,0.9926470588235294,4.122530864197531,29.940123456790122,15.625,15.625,159,3364
N6-M20-Rscaled,6,20,P,96,0.18695557066312593,3778,3778,0,1.0,4.415034409740604,32.826892535733194,15.625,15.625,0,0
N6-M20-Rscaled,6,20,SCBBA,96,0.0745351032651923,96,83,13,0.8645833333333334,6.783132530120482,203.49397590361446,46.875,78.125,94,2820
N6-M30-Rscaled,6,30,B1m,96,0.09184780709628988,96,96,0,1.0,7.895833333333333,236.875,218.75,281.25,0,0
N6-M30-Rscaled,6,30,B4,96,0.16208589563760534,4948,4948,0,1.0,4.22069523039612,18.905416329830235,15.625,46.875,0,0
N6-M30-Rscaled,6,30,B5(4),96,0.15323533245228724,1531,1531,0,1.0,5.934683213585892,104.68451992161985,31.25,203.125,0,0
N6-M30-Rscaled,6,30,B6,96,0.15354366129626948,5626,5626,0,1.0,0.0,0.0,15.625,31.25,0,0
N6-M30-Rscaled,6,30,DVCBBA,96,0.1434959821124359,4742,4725,17,0.9964150147617039,4.0998941798941795,21.76042328042328,15.625,31.25,150,3688
N6-M30-Rscaled,6,30,P,96,0.1648585291986084,5370,5370,0,1.0,4.297392923649907,24.49832402234637,15.625,46.875,0,0
N6-M30-Rscaled,6,30,SCBBA,96,0.08197230387916722,96,85,11,0.8854166666666666,7.447058823529412,223.41176470588235,140.625,238.28125,105,3150
N8-M20-Rscaled,8,20,B1m,96,0.08937458498649038,96,96,0,1.0,7.177083333333333,401.9166666666667,62.5,93.75,0,0
N8-M20-Rscaled,8,20,B4,96,0.1808796381041482,3258,3258,0,1.0,4.406998158379374,61.720073664825044,15.625,15.625,0,0
N8-M20-Rscaled,8,20,B5(4),96,0.17439455380765026,995,995,0,1.0,5.520603015075377,196.05829145728643,15.625,62.5,0,0
N8-M20-Rscaled,8,20,B6,96,0.18333806391120067,3744,3744,0,1.0,0.0,0.0,15.625,15.625,0,0
N8-M20-Rscaled,8,20,DVCBBA,96,0.16875164039319138,3301,3269,32,0.9903059678885187,4.156011012542062,67.59559498317529,15.625,15.625,184,4394
N8-M20-Rscaled,8,20,P,96,0.18667732487106956,3588,3588,0,1.0,4.51365663322185,72.82497212931996,15.625,15.625,0,0
N8-M20-Rscaled,8,20,SCBBA,96,0.07735652090966857,96,88,8,0.9166666666666666,6.5227272727272725,365.27272727272725,46.875,78.125,58,3248
N8-M30-Rscaled,8,30,B1m,96,0.07843036787438874,96,96,0,1.0,7.708333333333333,431.6666666666667,218.75,312.5,0,0
N8-M30-Rscaled,8,30,B4,96,0.17541597686318675,5193,5193,0,1.0,4.273637589062199,39.353360292701716,15.625,31.25,0,0
N8-M30-Rscaled,8,30,B5(4),96,0.16860442039434909,1323,1323,0,1.0,5.898715041572184,206.19954648526078,31.25,187.5,0,0
N8-M30-Rscaled,8,30,B6,96,0.17309061569028686,5418,5418,0,1.0,0.0,0.0,15.625,31.25,0,0
N8-M30-Rscaled,8,30,DVCBBA,96,0.15396273768974306,4354,4319,35,0.9919614147909968,4.100486223662885,43.75688816855754,15.625,31.25,286,10592
N8-M30-Rscaled,8,30,P,96,0.18472323571640223,5242,5242,0,1.0,4.3313620755436855,48.37275848912629,15.625,31.25,0,0
N8-M30-Rscaled,8,30,SCBBA,96,0.06626798202023537,96,81,15,0.84375,7.160493827160494,400.98765432098764,171.875,296.875,160,8960
